title,company,location,salary,description,skills_extracted,scraped_date,source
Python Data Engineer,DataMinds,"Austin, TX",$180k-$250k,"We are hiring a Python Data Engineer at DataMinds in Austin, TX. Join our team! Required skills: HTML, JavaScript, Vue, Rust, NumPy, FastAPI","['HTML', 'JavaScript', 'Vue', 'Rust', 'NumPy', 'FastAPI']",2026-03-28 11:25:24,LiveJobs
Staff Python Engineer,ByteForge,"Toronto, Canada",12-18 lakhs,"We are hiring a Staff Python Engineer at ByteForge in Toronto, Canada. Join our team! Required skills: Python, PostgreSQL, Flask, Rust, CI/CD, Machine Learning, Kubernetes","['Python', 'PostgreSQL', 'Flask', 'Rust', 'CI/CD', 'Machine Learning', 'Kubernetes']",2026-03-28 11:25:24,LiveJobs
Full Stack Python Developer,ByteForge,"San Francisco, CA",$180k-$250k,"We are hiring a Full Stack Python Developer at ByteForge in San Francisco, CA. Join our team! Required skills: Python, NumPy, CSS, Rust, Angular, PostgreSQL, Flask","['Python', 'NumPy', 'CSS', 'Rust', 'Angular', 'PostgreSQL', 'Flask']",2026-03-28 11:25:24,LiveJobs
Lead Python Architect,CyberSecure,Hyderabad,20-30 lakhs,"We are hiring a Lead Python Architect at CyberSecure in Hyderabad. Join our team! Required skills: Python, Terraform, Java, GraphQL, Vue, Node.js, Git","['Python', 'Terraform', 'Java', 'GraphQL', 'Vue', 'Node.js', 'Git']",2026-03-28 11:25:24,LiveJobs
Python Tech Lead,CodeCraft,"Berlin, Germany",5-8 lakhs,"We are hiring a Python Tech Lead at CodeCraft in Berlin, Germany. Join our team! Required skills: Python, Angular, React, FastAPI, Machine Learning, GraphQL","['Python', 'Angular', 'React', 'FastAPI', 'Machine Learning', 'GraphQL']",2026-03-28 11:25:24,LiveJobs
Python Tech Lead,Quantum Leap,Pune,5-8 lakhs,"We are hiring a Python Tech Lead at Quantum Leap in Pune. Join our team! Required skills: Python, Terraform, Linux, Node.js","['Python', 'Terraform', 'Linux', 'Node.js']",2026-03-28 11:25:24,LiveJobs
Python Data Engineer,DataMinds,Remote,20-30 lakhs,"We are hiring a Python Data Engineer at DataMinds in Remote. Join our team! Required skills: Python, GraphQL, CI/CD, Azure","['Python', 'GraphQL', 'CI/CD', 'Azure']",2026-03-28 11:25:24,LiveJobs
Principal Python Developer,DevOps Pro,"Toronto, Canada",5-8 lakhs,"We are hiring a Principal Python Developer at DevOps Pro in Toronto, Canada. Join our team! Required skills: Kubernetes, Python, PostgreSQL, Machine Learning, Azure, SQL, Git, Java","['Kubernetes', 'Python', 'PostgreSQL', 'Machine Learning', 'Azure', 'SQL', 'Git', 'Java']",2026-03-28 11:25:24,LiveJobs
Junior Python Developer,DataMinds,"Austin, TX",$60k-$80k,"We are hiring a Junior Python Developer at DataMinds in Austin, TX. Join our team! Required skills: CI/CD, Deep Learning, React","['CI/CD', 'Deep Learning', 'React']",2026-03-28 11:25:24,LiveJobs
Senior Python Engineer,DataMinds,"New York, NY",$180k-$250k,"We are hiring a Senior Python Engineer at DataMinds in New York, NY. Join our team! Required skills: Python, Node.js, Flask, NumPy, HTML","['Python', 'Node.js', 'Flask', 'NumPy', 'HTML']",2026-03-28 11:25:24,LiveJobs
Lead Python Architect,StartupHub,"San Francisco, CA",$140k-$180k,"We are hiring a Lead Python Architect at StartupHub in San Francisco, CA. Join our team! Required skills: Python, HTML, JavaScript","['Python', 'HTML', 'JavaScript']",2026-03-28 11:25:24,LiveJobs
Lead Python Architect,SoftServe,Pune,8-12 lakhs,"We are hiring a Lead Python Architect at SoftServe in Pune. Join our team! Required skills: Python, Kubernetes, Terraform, Git, Pandas, TypeScript, Node.js","['Python', 'Kubernetes', 'Terraform', 'Git', 'Pandas', 'TypeScript', 'Node.js']",2026-03-28 11:25:24,LiveJobs
Python Developer,Quantum Leap,"Toronto, Canada",12-18 lakhs,"We are hiring a Python Developer at Quantum Leap in Toronto, Canada. Join our team! Required skills: Kubernetes, AWS, Java, TypeScript, CI/CD, Python","['Kubernetes', 'AWS', 'Java', 'TypeScript', 'CI/CD', 'Python']",2026-03-28 11:25:24,LiveJobs
Python Data Engineer,CloudNative Co,"Amsterdam, Netherlands",20-30 lakhs,"We are hiring a Python Data Engineer at CloudNative Co in Amsterdam, Netherlands. Join our team! Required skills: Python, NumPy, Machine Learning, CI/CD, JavaScript","['Python', 'NumPy', 'Machine Learning', 'CI/CD', 'JavaScript']",2026-03-28 11:25:24,LiveJobs
Senior Python Engineer,DataDriven Inc,"London, UK",£100k-£130k,"We are hiring a Senior Python Engineer at DataDriven Inc in London, UK. Join our team! Required skills: Python, Node.js, MongoDB, NumPy, AWS, Docker, Django, Azure","['Python', 'Node.js', 'MongoDB', 'NumPy', 'AWS', 'Docker', 'Django', 'Azure']",2026-03-28 11:25:24,LiveJobs
Python Developer,AI Innovations,"Toronto, Canada",12-18 lakhs,"We are hiring a Python Developer at AI Innovations in Toronto, Canada. Join our team! Required skills: Python, HTML, CSS, React, Machine Learning, NumPy, Pandas","['Python', 'HTML', 'CSS', 'React', 'Machine Learning', 'NumPy', 'Pandas']",2026-03-28 11:25:24,LiveJobs
Python Backend Developer,SoftServe,Singapore,8-12 lakhs,"We are hiring a Python Backend Developer at SoftServe in Singapore. Join our team! Required skills: Python, Django, CSS, Docker, TypeScript, PostgreSQL, Node.js","['Python', 'Django', 'CSS', 'Docker', 'TypeScript', 'PostgreSQL', 'Node.js']",2026-03-28 11:25:24,LiveJobs
Python Tech Lead,Digital Dynamics,Remote,15-22 lakhs,"We are hiring a Python Tech Lead at Digital Dynamics in Remote. Join our team! Required skills: FastAPI, Vue, Flask, Node.js, Python, React","['FastAPI', 'Vue', 'Flask', 'Node.js', 'Python', 'React']",2026-03-28 11:25:24,LiveJobs
Principal Python Developer,AgileWorks,"Berlin, Germany",12-18 lakhs,"We are hiring a Principal Python Developer at AgileWorks in Berlin, Germany. Join our team! Required skills: Python, PostgreSQL, REST API, HTML, SQL","['Python', 'PostgreSQL', 'REST API', 'HTML', 'SQL']",2026-03-28 11:25:24,LiveJobs
Python Developer,ByteForge,Singapore,15-22 lakhs,"We are hiring a Python Developer at ByteForge in Singapore. Join our team! Required skills: Python, NumPy, Git, React","['Python', 'NumPy', 'Git', 'React']",2026-03-28 11:25:24,LiveJobs
Senior Python Engineer,Enterprise Tech,"Seattle, WA",$110k-$140k,"We are hiring a Senior Python Engineer at Enterprise Tech in Seattle, WA. Join our team! Required skills: Angular, Kubernetes, Java","['Angular', 'Kubernetes', 'Java']",2026-03-28 11:25:24,LiveJobs
Python Backend Developer,DataDriven Inc,"Berlin, Germany",8-12 lakhs,"We are hiring a Python Backend Developer at DataDriven Inc in Berlin, Germany. Join our team! Required skills: Python, TypeScript, React, REST API, Git, Angular, CSS, CI/CD","['Python', 'TypeScript', 'React', 'REST API', 'Git', 'Angular', 'CSS', 'CI/CD']",2026-03-28 11:25:24,LiveJobs
Python Backend Developer,Quantum Leap,"Sydney, Australia",12-18 lakhs,"We are hiring a Python Backend Developer at Quantum Leap in Sydney, Australia. Join our team! Required skills: Python, CSS, HTML, Terraform, Vue, Deep Learning, REST API, JavaScript","['Python', 'CSS', 'HTML', 'Terraform', 'Vue', 'Deep Learning', 'REST API', 'JavaScript']",2026-03-28 11:25:24,LiveJobs
Senior Python Engineer,NeuralNet Inc,Singapore,20-30 lakhs,"We are hiring a Senior Python Engineer at NeuralNet Inc in Singapore. Join our team! Required skills: Go, REST API, Terraform, Python, TypeScript, Deep Learning","['Go', 'REST API', 'Terraform', 'Python', 'TypeScript', 'Deep Learning']",2026-03-28 11:25:24,LiveJobs
Full Stack Python Developer,ByteForge,"Dublin, Ireland",12-18 lakhs,"We are hiring a Full Stack Python Developer at ByteForge in Dublin, Ireland. Join our team! Required skills: Python, Rust, REST API, HTML, NumPy, Deep Learning, Docker","['Python', 'Rust', 'REST API', 'HTML', 'NumPy', 'Deep Learning', 'Docker']",2026-03-28 11:25:24,LiveJobs
Python Backend Developer,TechCorp,Mumbai,5-8 lakhs,"We are hiring a Python Backend Developer at TechCorp in Mumbai. Join our team! Required skills: HTML, Python, Rust, AWS, Angular, Node.js, TypeScript, PostgreSQL","['HTML', 'Python', 'Rust', 'AWS', 'Angular', 'Node.js', 'TypeScript', 'PostgreSQL']",2026-03-28 11:25:24,LiveJobs
Lead Python Architect,DataDriven Inc,"Amsterdam, Netherlands",15-22 lakhs,"We are hiring a Lead Python Architect at DataDriven Inc in Amsterdam, Netherlands. Join our team! Required skills: Azure, Rust, React, CI/CD, JavaScript","['Azure', 'Rust', 'React', 'CI/CD', 'JavaScript']",2026-03-28 11:25:24,LiveJobs
Lead Python Architect,Digital Dynamics,Hyderabad,20-30 lakhs,"We are hiring a Lead Python Architect at Digital Dynamics in Hyderabad. Join our team! Required skills: Python, FastAPI, Node.js, CI/CD","['Python', 'FastAPI', 'Node.js', 'CI/CD']",2026-03-28 11:25:24,LiveJobs
Python Backend Developer,InfoTech Solutions,Remote,15-22 lakhs,"We are hiring a Python Backend Developer at InfoTech Solutions in Remote. Join our team! Required skills: Python, Linux, Git, NumPy, Rust, Kubernetes, HTML","['Python', 'Linux', 'Git', 'NumPy', 'Rust', 'Kubernetes', 'HTML']",2026-03-28 11:25:24,LiveJobs
Python Developer,Digital Dynamics,Singapore,15-22 lakhs,"We are hiring a Python Developer at Digital Dynamics in Singapore. Join our team! Required skills: Python, PostgreSQL, CSS","['Python', 'PostgreSQL', 'CSS']",2026-03-28 11:25:24,LiveJobs
Python Developer,WebDev Studios,Pune,5-8 lakhs,"We are hiring a Python Developer at WebDev Studios in Pune. Join our team! Required skills: Python, TypeScript, Docker, Flask, Node.js, SQL","['Python', 'TypeScript', 'Docker', 'Flask', 'Node.js', 'SQL']",2026-03-28 11:25:24,LiveJobs
Python Developer,PixelPerfect,"Seattle, WA",$60k-$80k,"We are hiring a Python Developer at PixelPerfect in Seattle, WA. Join our team! Required skills: Python, REST API, PostgreSQL, Vue, React","['Python', 'REST API', 'PostgreSQL', 'Vue', 'React']",2026-03-28 11:25:24,LiveJobs
Lead Python Architect,PixelPerfect,"London, UK",£60k-£80k,"We are hiring a Lead Python Architect at PixelPerfect in London, UK. Join our team! Required skills: Python, AWS, SQL","['Python', 'AWS', 'SQL']",2026-03-28 11:25:24,LiveJobs
Principal Python Developer,TechCorp,Hyderabad,20-30 lakhs,"We are hiring a Principal Python Developer at TechCorp in Hyderabad. Join our team! Required skills: Python, JavaScript, AWS, Linux, CSS, Terraform, Machine Learning, Flask","['Python', 'JavaScript', 'AWS', 'Linux', 'CSS', 'Terraform', 'Machine Learning', 'Flask']",2026-03-28 11:25:24,LiveJobs
Staff Python Engineer,CodeCraft,"Austin, TX",$60k-$80k,"We are hiring a Staff Python Engineer at CodeCraft in Austin, TX. Join our team! Required skills: Python, CSS, Flask, Node.js, Azure, MongoDB, GraphQL","['Python', 'CSS', 'Flask', 'Node.js', 'Azure', 'MongoDB', 'GraphQL']",2026-03-28 11:25:24,LiveJobs
Python Developer,Digital Dynamics,"London, UK",£80k-£100k,"We are hiring a Python Developer at Digital Dynamics in London, UK. Join our team! Required skills: Python, Terraform, Rust","['Python', 'Terraform', 'Rust']",2026-03-28 11:25:24,LiveJobs
Senior Python Engineer,CyberSecure,"Austin, TX",$60k-$80k,"We are hiring a Senior Python Engineer at CyberSecure in Austin, TX. Join our team! Required skills: Python, CSS, Vue, FastAPI","['Python', 'CSS', 'Vue', 'FastAPI']",2026-03-28 11:25:24,LiveJobs
Python Backend Developer,AgileWorks,"Dublin, Ireland",5-8 lakhs,"We are hiring a Python Backend Developer at AgileWorks in Dublin, Ireland. Join our team! Required skills: Python, Node.js, Java, Linux, Flask, MongoDB, GraphQL, CSS","['Python', 'Node.js', 'Java', 'Linux', 'Flask', 'MongoDB', 'GraphQL', 'CSS']",2026-03-28 11:25:24,LiveJobs
Python Data Engineer,DevOps Pro,"Seattle, WA",$80k-$110k,"We are hiring a Python Data Engineer at DevOps Pro in Seattle, WA. Join our team! Required skills: Python, Django, SQL, Rust, Node.js","['Python', 'Django', 'SQL', 'Rust', 'Node.js']",2026-03-28 11:25:24,LiveJobs
Python Developer,DataDriven Inc,"Berlin, Germany",12-18 lakhs,"We are hiring a Python Developer at DataDriven Inc in Berlin, Germany. Join our team! Required skills: PostgreSQL, CSS, Git","['PostgreSQL', 'CSS', 'Git']",2026-03-28 11:25:24,LiveJobs
Senior Python Engineer,Enterprise Tech,"Austin, TX",$110k-$140k,"We are hiring a Senior Python Engineer at Enterprise Tech in Austin, TX. Join our team! Required skills: SQL, Angular, CSS, MongoDB, Machine Learning, Kubernetes, Python, GraphQL","['SQL', 'Angular', 'CSS', 'MongoDB', 'Machine Learning', 'Kubernetes', 'Python', 'GraphQL']",2026-03-28 11:25:24,LiveJobs
Python Backend Developer,DataMinds,"New York, NY",$80k-$110k,"We are hiring a Python Backend Developer at DataMinds in New York, NY. Join our team! Required skills: Python, CSS, CI/CD, SQL, Machine Learning, Docker, Deep Learning","['Python', 'CSS', 'CI/CD', 'SQL', 'Machine Learning', 'Docker', 'Deep Learning']",2026-03-28 11:25:24,LiveJobs
Python Tech Lead,NeuralNet Inc,Singapore,20-30 lakhs,"We are hiring a Python Tech Lead at NeuralNet Inc in Singapore. Join our team! Required skills: Python, REST API, Deep Learning","['Python', 'REST API', 'Deep Learning']",2026-03-28 11:25:24,LiveJobs
Python Developer,Digital Dynamics,Bangalore,12-18 lakhs,"We are hiring a Python Developer at Digital Dynamics in Bangalore. Join our team! Required skills: Python, AWS, REST API, CI/CD, Git, Linux, Django","['Python', 'AWS', 'REST API', 'CI/CD', 'Git', 'Linux', 'Django']",2026-03-28 11:25:24,LiveJobs
Principal Python Developer,CloudFirst,Mumbai,12-18 lakhs,"We are hiring a Principal Python Developer at CloudFirst in Mumbai. Join our team! Required skills: Go, CSS, Pandas, Angular, AWS, Java, Python, Flask","['Go', 'CSS', 'Pandas', 'Angular', 'AWS', 'Java', 'Python', 'Flask']",2026-03-28 11:25:24,LiveJobs
Staff Python Engineer,Digital Dynamics,"Dublin, Ireland",15-22 lakhs,"We are hiring a Staff Python Engineer at Digital Dynamics in Dublin, Ireland. Join our team! Required skills: TypeScript, Vue, Python, FastAPI","['TypeScript', 'Vue', 'Python', 'FastAPI']",2026-03-28 11:25:24,LiveJobs
Lead Python Architect,AgileWorks,Pune,8-12 lakhs,"We are hiring a Lead Python Architect at AgileWorks in Pune. Join our team! Required skills: MongoDB, PostgreSQL, Python, Go, Azure, Deep Learning","['MongoDB', 'PostgreSQL', 'Python', 'Go', 'Azure', 'Deep Learning']",2026-03-28 11:25:24,LiveJobs
Python Developer,ByteForge,"Berlin, Germany",15-22 lakhs,"We are hiring a Python Developer at ByteForge in Berlin, Germany. Join our team! Required skills: Rust, TypeScript, Python, REST API, CSS, Django, Azure, Go","['Rust', 'TypeScript', 'Python', 'REST API', 'CSS', 'Django', 'Azure', 'Go']",2026-03-28 11:25:24,LiveJobs
Python Developer,WebDev Studios,"Austin, TX",$180k-$250k,"We are hiring a Python Developer at WebDev Studios in Austin, TX. Join our team! Required skills: Python, Rust, REST API, React, Kubernetes, Git, NumPy, Java","['Python', 'Rust', 'REST API', 'React', 'Kubernetes', 'Git', 'NumPy', 'Java']",2026-03-28 11:25:24,LiveJobs
Principal Python Developer,ByteForge,Mumbai,15-22 lakhs,"We are hiring a Principal Python Developer at ByteForge in Mumbai. Join our team! Required skills: Node.js, Linux, Kubernetes, React, JavaScript, HTML, Python","['Node.js', 'Linux', 'Kubernetes', 'React', 'JavaScript', 'HTML', 'Python']",2026-03-28 11:25:24,LiveJobs
Full Stack Python Developer,SoftServe,Singapore,15-22 lakhs,"We are hiring a Full Stack Python Developer at SoftServe in Singapore. Join our team! Required skills: Azure, AWS, Vue","['Azure', 'AWS', 'Vue']",2026-03-28 11:25:24,LiveJobs
Junior Python Developer,DataMinds,"Tokyo, Japan",12-18 lakhs,"We are hiring a Junior Python Developer at DataMinds in Tokyo, Japan. Join our team! Required skills: Node.js, Python, React","['Node.js', 'Python', 'React']",2026-03-28 11:25:24,LiveJobs
Principal Python Developer,AI Innovations,"Tokyo, Japan",12-18 lakhs,"We are hiring a Principal Python Developer at AI Innovations in Tokyo, Japan. Join our team! Required skills: Python, React, MongoDB, SQL, Java, CSS","['Python', 'React', 'MongoDB', 'SQL', 'Java', 'CSS']",2026-03-28 11:25:24,LiveJobs
Principal Python Developer,Digital Dynamics,"Austin, TX",$80k-$110k,"We are hiring a Principal Python Developer at Digital Dynamics in Austin, TX. Join our team! Required skills: Azure, MongoDB, Vue, NumPy, Kubernetes, React, Deep Learning, AWS","['Azure', 'MongoDB', 'Vue', 'NumPy', 'Kubernetes', 'React', 'Deep Learning', 'AWS']",2026-03-28 11:25:24,LiveJobs
Python Developer,Quantum Leap,Hyderabad,8-12 lakhs,"We are hiring a Python Developer at Quantum Leap in Hyderabad. Join our team! Required skills: Python, Git, TypeScript, Terraform","['Python', 'Git', 'TypeScript', 'Terraform']",2026-03-28 11:25:24,LiveJobs
Python Developer,CloudFirst,Singapore,15-22 lakhs,"We are hiring a Python Developer at CloudFirst in Singapore. Join our team! Required skills: Java, Pandas, Python, Linux, Deep Learning","['Java', 'Pandas', 'Python', 'Linux', 'Deep Learning']",2026-03-28 11:25:24,LiveJobs
Senior Python Engineer,CodeCraft,"Sydney, Australia",5-8 lakhs,"We are hiring a Senior Python Engineer at CodeCraft in Sydney, Australia. Join our team! Required skills: Python, Kubernetes, Azure, Terraform, React, Linux, FastAPI","['Python', 'Kubernetes', 'Azure', 'Terraform', 'React', 'Linux', 'FastAPI']",2026-03-28 11:25:24,LiveJobs
Staff Python Engineer,NeuralNet Inc,"Sydney, Australia",15-22 lakhs,"We are hiring a Staff Python Engineer at NeuralNet Inc in Sydney, Australia. Join our team! Required skills: Python, TypeScript, Go, REST API","['Python', 'TypeScript', 'Go', 'REST API']",2026-03-28 11:25:24,LiveJobs
Python Backend Developer,CloudFirst,Hyderabad,5-8 lakhs,"We are hiring a Python Backend Developer at CloudFirst in Hyderabad. Join our team! Required skills: Python, React, CSS","['Python', 'React', 'CSS']",2026-03-28 11:25:24,LiveJobs
Python Developer,Digital Dynamics,Mumbai,8-12 lakhs,"We are hiring a Python Developer at Digital Dynamics in Mumbai. Join our team! Required skills: Python, Linux, CI/CD, Vue, Angular, Deep Learning, Kubernetes, Java","['Python', 'Linux', 'CI/CD', 'Vue', 'Angular', 'Deep Learning', 'Kubernetes', 'Java']",2026-03-28 11:25:24,LiveJobs
Staff Python Engineer,StartupHub,"New York, NY",$80k-$110k,"We are hiring a Staff Python Engineer at StartupHub in New York, NY. Join our team! Required skills: Python, Docker, Django","['Python', 'Docker', 'Django']",2026-03-28 11:25:24,LiveJobs
Python Developer,PixelPerfect,"London, UK",£60k-£80k,"We are hiring a Python Developer at PixelPerfect in London, UK. Join our team! Required skills: Python, GraphQL, Docker, Go, Azure","['Python', 'GraphQL', 'Docker', 'Go', 'Azure']",2026-03-28 11:25:24,LiveJobs
Principal Python Developer,DevOps Pro,Singapore,20-30 lakhs,"We are hiring a Principal Python Developer at DevOps Pro in Singapore. Join our team! Required skills: Python, Vue, Kubernetes, Angular, NumPy","['Python', 'Vue', 'Kubernetes', 'Angular', 'NumPy']",2026-03-28 11:25:24,LiveJobs
Full Stack Python Developer,DataMinds,"New York, NY",$140k-$180k,"We are hiring a Full Stack Python Developer at DataMinds in New York, NY. Join our team! Required skills: Django, FastAPI, SQL, Angular, Kubernetes, Deep Learning, Git","['Django', 'FastAPI', 'SQL', 'Angular', 'Kubernetes', 'Deep Learning', 'Git']",2026-03-28 11:25:24,LiveJobs
Staff Python Engineer,DataMinds,"Berlin, Germany",12-18 lakhs,"We are hiring a Staff Python Engineer at DataMinds in Berlin, Germany. Join our team! Required skills: Java, REST API, JavaScript","['Java', 'REST API', 'JavaScript']",2026-03-28 11:25:24,LiveJobs
Lead Python Architect,StartupHub,"Dublin, Ireland",15-22 lakhs,"We are hiring a Lead Python Architect at StartupHub in Dublin, Ireland. Join our team! Required skills: Java, Vue, Docker, TypeScript, Python, HTML, Rust, SQL","['Java', 'Vue', 'Docker', 'TypeScript', 'Python', 'HTML', 'Rust', 'SQL']",2026-03-28 11:25:24,LiveJobs
Python Developer,CodeCraft,"Dublin, Ireland",5-8 lakhs,"We are hiring a Python Developer at CodeCraft in Dublin, Ireland. Join our team! Required skills: Machine Learning, GraphQL, Kubernetes, Vue","['Machine Learning', 'GraphQL', 'Kubernetes', 'Vue']",2026-03-28 11:25:24,LiveJobs
Lead Python Architect,DevOps Pro,"Tokyo, Japan",15-22 lakhs,"We are hiring a Lead Python Architect at DevOps Pro in Tokyo, Japan. Join our team! Required skills: Python, MongoDB, HTML, Machine Learning","['Python', 'MongoDB', 'HTML', 'Machine Learning']",2026-03-28 11:25:24,LiveJobs
Python Tech Lead,CodeCraft,"Toronto, Canada",20-30 lakhs,"We are hiring a Python Tech Lead at CodeCraft in Toronto, Canada. Join our team! Required skills: Python, Java, Go","['Python', 'Java', 'Go']",2026-03-28 11:25:24,LiveJobs
Senior Python Engineer,CloudFirst,"Tokyo, Japan",8-12 lakhs,"We are hiring a Senior Python Engineer at CloudFirst in Tokyo, Japan. Join our team! Required skills: Django, PostgreSQL, JavaScript, Machine Learning, Linux, TypeScript, Deep Learning, Python","['Django', 'PostgreSQL', 'JavaScript', 'Machine Learning', 'Linux', 'TypeScript', 'Deep Learning', 'Python']",2026-03-28 11:25:24,LiveJobs
Principal Python Developer,InfoTech Solutions,"New York, NY",$80k-$110k,"We are hiring a Principal Python Developer at InfoTech Solutions in New York, NY. Join our team! Required skills: Python, Flask, Deep Learning, CI/CD, Machine Learning","['Python', 'Flask', 'Deep Learning', 'CI/CD', 'Machine Learning']",2026-03-28 11:25:24,LiveJobs
Senior Python Engineer,TechCorp,Pune,8-12 lakhs,"We are hiring a Senior Python Engineer at TechCorp in Pune. Join our team! Required skills: Python, FastAPI, Machine Learning, Azure","['Python', 'FastAPI', 'Machine Learning', 'Azure']",2026-03-28 11:25:24,LiveJobs
Python Backend Developer,StartupHub,"Dublin, Ireland",8-12 lakhs,"We are hiring a Python Backend Developer at StartupHub in Dublin, Ireland. Join our team! Required skills: Pandas, FastAPI, AWS, PostgreSQL, MongoDB, Azure, TypeScript","['Pandas', 'FastAPI', 'AWS', 'PostgreSQL', 'MongoDB', 'Azure', 'TypeScript']",2026-03-28 11:25:24,LiveJobs
Python Tech Lead,DataDriven Inc,Bangalore,5-8 lakhs,"We are hiring a Python Tech Lead at DataDriven Inc in Bangalore. Join our team! Required skills: Azure, Machine Learning, HTML, FastAPI","['Azure', 'Machine Learning', 'HTML', 'FastAPI']",2026-03-28 11:25:24,LiveJobs
Python Backend Developer,DataDriven Inc,"Dublin, Ireland",8-12 lakhs,"We are hiring a Python Backend Developer at DataDriven Inc in Dublin, Ireland. Join our team! Required skills: Python, Terraform, Java, Machine Learning","['Python', 'Terraform', 'Java', 'Machine Learning']",2026-03-28 11:25:24,LiveJobs
Full Stack Python Developer,WebDev Studios,"Austin, TX",$60k-$80k,"We are hiring a Full Stack Python Developer at WebDev Studios in Austin, TX. Join our team! Required skills: Python, FastAPI, Deep Learning, Flask, Java, CI/CD, Rust, Machine Learning","['Python', 'FastAPI', 'Deep Learning', 'Flask', 'Java', 'CI/CD', 'Rust', 'Machine Learning']",2026-03-28 11:25:24,LiveJobs
Full Stack Python Developer,WebDev Studios,Hyderabad,5-8 lakhs,"We are hiring a Full Stack Python Developer at WebDev Studios in Hyderabad. Join our team! Required skills: CSS, CI/CD, Node.js, Git, Python, Go","['CSS', 'CI/CD', 'Node.js', 'Git', 'Python', 'Go']",2026-03-28 11:25:24,LiveJobs
Full Stack Python Developer,Digital Dynamics,"Tokyo, Japan",5-8 lakhs,"We are hiring a Full Stack Python Developer at Digital Dynamics in Tokyo, Japan. Join our team! Required skills: Python, JavaScript, Java, Django, GraphQL, Deep Learning, NumPy, Node.js","['Python', 'JavaScript', 'Java', 'Django', 'GraphQL', 'Deep Learning', 'NumPy', 'Node.js']",2026-03-28 11:25:24,LiveJobs
Full Stack Python Developer,Quantum Leap,Singapore,12-18 lakhs,"We are hiring a Full Stack Python Developer at Quantum Leap in Singapore. Join our team! Required skills: NumPy, AWS, Java, Machine Learning, SQL, CI/CD, Angular, Azure","['NumPy', 'AWS', 'Java', 'Machine Learning', 'SQL', 'CI/CD', 'Angular', 'Azure']",2026-03-28 11:25:24,LiveJobs
Staff Python Engineer,CloudFirst,Bangalore,15-22 lakhs,"We are hiring a Staff Python Engineer at CloudFirst in Bangalore. Join our team! Required skills: Python, Git, Docker, NumPy, Django, Rust, Azure, JavaScript","['Python', 'Git', 'Docker', 'NumPy', 'Django', 'Rust', 'Azure', 'JavaScript']",2026-03-28 11:25:24,LiveJobs
Senior Python Engineer,TechCorp,Pune,5-8 lakhs,"We are hiring a Senior Python Engineer at TechCorp in Pune. Join our team! Required skills: Python, Vue, SQL","['Python', 'Vue', 'SQL']",2026-03-28 11:25:24,LiveJobs
Lead Python Architect,SoftServe,"Dublin, Ireland",12-18 lakhs,"We are hiring a Lead Python Architect at SoftServe in Dublin, Ireland. Join our team! Required skills: Git, HTML, TypeScript, SQL, Pandas, Node.js, CSS, Kubernetes","['Git', 'HTML', 'TypeScript', 'SQL', 'Pandas', 'Node.js', 'CSS', 'Kubernetes']",2026-03-28 11:25:24,LiveJobs
Python Data Engineer,DataDriven Inc,"San Francisco, CA",$60k-$80k,"We are hiring a Python Data Engineer at DataDriven Inc in San Francisco, CA. Join our team! Required skills: Python, MongoDB, PostgreSQL, Vue, CI/CD","['Python', 'MongoDB', 'PostgreSQL', 'Vue', 'CI/CD']",2026-03-28 11:25:24,LiveJobs
Staff Python Engineer,AI Innovations,"Seattle, WA",$140k-$180k,"We are hiring a Staff Python Engineer at AI Innovations in Seattle, WA. Join our team! Required skills: Python, CI/CD, Flask","['Python', 'CI/CD', 'Flask']",2026-03-28 11:25:24,LiveJobs
Python Backend Developer,DevOps Pro,Mumbai,8-12 lakhs,"We are hiring a Python Backend Developer at DevOps Pro in Mumbai. Join our team! Required skills: Django, SQL, TypeScript, Angular, CSS, React","['Django', 'SQL', 'TypeScript', 'Angular', 'CSS', 'React']",2026-03-28 11:25:24,LiveJobs
Python Tech Lead,NeuralNet Inc,"New York, NY",$110k-$140k,"We are hiring a Python Tech Lead at NeuralNet Inc in New York, NY. Join our team! Required skills: HTML, Pandas, MongoDB, Kubernetes, React, JavaScript, Docker, Node.js","['HTML', 'Pandas', 'MongoDB', 'Kubernetes', 'React', 'JavaScript', 'Docker', 'Node.js']",2026-03-28 11:25:24,LiveJobs
Staff Python Engineer,CloudFirst,"Berlin, Germany",5-8 lakhs,"We are hiring a Staff Python Engineer at CloudFirst in Berlin, Germany. Join our team! Required skills: Python, Docker, SQL, Angular, Django, Git","['Python', 'Docker', 'SQL', 'Angular', 'Django', 'Git']",2026-03-28 11:25:24,LiveJobs
Lead Python Architect,ByteForge,"Berlin, Germany",5-8 lakhs,"We are hiring a Lead Python Architect at ByteForge in Berlin, Germany. Join our team! Required skills: Python, AWS, Rust, NumPy, MongoDB, JavaScript","['Python', 'AWS', 'Rust', 'NumPy', 'MongoDB', 'JavaScript']",2026-03-28 11:25:24,LiveJobs
Principal Python Developer,ByteForge,"Berlin, Germany",8-12 lakhs,"We are hiring a Principal Python Developer at ByteForge in Berlin, Germany. Join our team! Required skills: Python, Django, Pandas, GraphQL, Deep Learning, PostgreSQL","['Python', 'Django', 'Pandas', 'GraphQL', 'Deep Learning', 'PostgreSQL']",2026-03-28 11:25:24,LiveJobs
Python Data Engineer,CyberSecure,Remote,5-8 lakhs,"We are hiring a Python Data Engineer at CyberSecure in Remote. Join our team! Required skills: Python, Git, Vue, CI/CD, GraphQL","['Python', 'Git', 'Vue', 'CI/CD', 'GraphQL']",2026-03-28 11:25:24,LiveJobs
Python Tech Lead,CyberSecure,Pune,20-30 lakhs,"We are hiring a Python Tech Lead at CyberSecure in Pune. Join our team! Required skills: Python, Node.js, Machine Learning, Kubernetes","['Python', 'Node.js', 'Machine Learning', 'Kubernetes']",2026-03-28 11:25:24,LiveJobs
Principal Python Developer,Digital Dynamics,Singapore,15-22 lakhs,"We are hiring a Principal Python Developer at Digital Dynamics in Singapore. Join our team! Required skills: Python, JavaScript, Machine Learning, Linux","['Python', 'JavaScript', 'Machine Learning', 'Linux']",2026-03-28 11:25:24,LiveJobs
Python Backend Developer,Quantum Leap,"San Francisco, CA",$110k-$140k,"We are hiring a Python Backend Developer at Quantum Leap in San Francisco, CA. Join our team! Required skills: Python, Machine Learning, Linux, Angular, Go, Docker","['Python', 'Machine Learning', 'Linux', 'Angular', 'Go', 'Docker']",2026-03-28 11:25:24,LiveJobs
Python Backend Developer,TechCorp,"London, UK",£60k-£80k,"We are hiring a Python Backend Developer at TechCorp in London, UK. Join our team! Required skills: Python, Docker, Kubernetes, PostgreSQL, GraphQL, Pandas, CI/CD","['Python', 'Docker', 'Kubernetes', 'PostgreSQL', 'GraphQL', 'Pandas', 'CI/CD']",2026-03-28 11:25:24,LiveJobs
Lead Python Architect,NeuralNet Inc,Mumbai,12-18 lakhs,"We are hiring a Lead Python Architect at NeuralNet Inc in Mumbai. Join our team! Required skills: Kubernetes, Linux, AWS","['Kubernetes', 'Linux', 'AWS']",2026-03-28 11:25:24,LiveJobs
Full Stack Python Developer,CodeCraft,Pune,12-18 lakhs,"We are hiring a Full Stack Python Developer at CodeCraft in Pune. Join our team! Required skills: Python, TypeScript, Linux, CI/CD, Flask, SQL, Git, Java","['Python', 'TypeScript', 'Linux', 'CI/CD', 'Flask', 'SQL', 'Git', 'Java']",2026-03-28 11:25:24,LiveJobs
Python Tech Lead,ByteForge,Bangalore,5-8 lakhs,"We are hiring a Python Tech Lead at ByteForge in Bangalore. Join our team! Required skills: Python, React, Django, HTML, Rust, Java","['Python', 'React', 'Django', 'HTML', 'Rust', 'Java']",2026-03-28 11:25:24,LiveJobs
Staff Python Engineer,SoftServe,"Dublin, Ireland",12-18 lakhs,"We are hiring a Staff Python Engineer at SoftServe in Dublin, Ireland. Join our team! Required skills: Python, Vue, Go, React","['Python', 'Vue', 'Go', 'React']",2026-03-28 11:25:24,LiveJobs
Python Backend Developer,AgileWorks,Singapore,5-8 lakhs,"We are hiring a Python Backend Developer at AgileWorks in Singapore. Join our team! Required skills: Python, Angular, Pandas, Azure, Node.js","['Python', 'Angular', 'Pandas', 'Azure', 'Node.js']",2026-03-28 11:25:24,LiveJobs
Junior Python Developer,DevOps Pro,"Dublin, Ireland",15-22 lakhs,"We are hiring a Junior Python Developer at DevOps Pro in Dublin, Ireland. Join our team! Required skills: Python, Docker, GraphQL, Azure","['Python', 'Docker', 'GraphQL', 'Azure']",2026-03-28 11:25:24,LiveJobs
